{"loss": [1.2779024839401245, 0.43402495980262756, 0.25567200779914856, 0.17958366870880127, 0.12930113077163696, 0.10592986643314362, 0.0862608402967453, 0.07317781448364258, 0.0628456175327301, 0.05419424921274185], "accuracy": [0.6227612495422363, 0.8614695072174072, 0.9181876182556152, 0.9411907196044922, 0.9571520090103149, 0.9656732082366943, 0.9716196060180664, 0.9758161902427673, 0.9795860052108765, 0.9825023412704468], "val_loss": [0.47607421875, 0.3328704237937927, 0.20637625455856323, 0.17434115707874298, 0.16889142990112305, 0.12607641518115997, 0.27702152729034424, 0.12246054410934448, 0.1468666046857834, 0.09587426483631134], "val_accuracy": [0.8493056893348694, 0.8928408622741699, 0.934270441532135, 0.9440587162971497, 0.9470179677009583, 0.9610744118690491, 0.9177669286727905, 0.9618711471557617, 0.9585135579109192, 0.9730252623558044]}